Date,EUR/USD Close,USD/JPY Close,USD/CHF Close,GBP/USD Close,USD/CAD Close
1/9/2017,1.05649,116.156,1.0158,1.21543,1.32276
1/10/2017,1.05582,115.743,1.01654,1.21634,1.3224
1/11/2017,1.0575,115.465,1.01498,1.2206,1.3169
1/12/2017,1.06171,114.599,1.0104,1.21621,1.31357
1/13/2017,1.06455,114.533,1.00851,1.21843,1.31225
1/16/2017,1.05967,114.068,1.0119,1.20541,1.3162
1/17/2017,1.0704,112.675,1.0022,1.24014,1.3051
1/18/2017,1.06397,114.252,1.00655,1.22633,1.32598
1/19/2017,1.06591,114.845,1.00694,1.23318,1.3319
1/20/2017,1.06907,114.58,1.00271,1.23636,1.33266
1/23/2017,1.07472,113.015,0.99831,1.25021,1.32488
1/24/2017,1.07274,113.836,1.0011,1.25028,1.31681
1/25/2017,1.07494,113.296,0.99945,1.26323,1.30678
1/26/2017,1.06914,114.389,0.99956,1.25997,1.30877
1/27/2017,1.06977,115.112,0.99908,1.25453,1.31394
1/30/2017,1.0694,113.59,0.9949,1.2481,1.3114
1/31/2017,1.07947,112.875,0.98946,1.25688,1.30198
2/1/2017,1.07712,113.139,0.9926,1.26671,1.30466
2/2/2017,1.0759,112.684,0.9928,1.25319,1.30252
2/3/2017,1.07743,112.871,0.993,1.2477,1.30256
2/6/2017,1.07494,111.735,0.99071,1.24692,1.30831
2/7/2017,1.06946,112.219,0.99647,1.25151,1.3162
2/8/2017,1.06874,112.049,0.99526,1.25304,1.3157
2/9/2017,1.0659,113.269,1.00134,1.2496,1.31405
2/10/2017,1.06321,113.421,1.00364,1.24813,1.30841
2/13/2017,1.05993,113.613,1.0053,1.25283,1.30716
2/14/2017,1.05732,114.18,1.00693,1.24648,1.30759
2/15/2017,1.0599,114.159,1.0054,1.24578,1.30782
2/16/2017,1.06729,113.159,0.99708,1.24946,1.30757
2/17/2017,1.06077,112.922,1.00285,1.2419,1.3102
2/20/2017,1.06177,113.117,1.00259,1.246,1.30921
2/21/2017,1.05467,113.595,1.00864,1.24732,1.31406
2/22/2017,1.05705,113.133,1.00936,1.24532,1.31524
2/23/2017,1.0578,112.717,1.00662,1.25445,1.31157
2/24/2017,1.05577,112.008,1.00785,1.24511,1.31072
2/27/2017,1.05867,112.761,1.00918,1.244,1.31518
2/28/2017,1.05907,112.331,1.00468,1.24031,1.32924
3/1/2017,1.05514,113.619,1.00839,1.22935,1.33396
3/2/2017,1.05052,114.469,1.01362,1.22592,1.3395
3/3/2017,1.06121,113.928,1.00913,1.22948,1.33787
3/6/2017,1.05839,113.903,1.01183,1.2236,1.341
3/7/2017,1.05667,114.026,1.0134,1.22033,1.34172
3/8/2017,1.05442,114.381,1.01461,1.2167,1.3488
3/9/2017,1.05897,114.934,1.01041,1.2174,1.35067
3/10/2017,1.06934,114.743,1.00954,1.21807,1.34576
3/13/2017,1.0654,114.811,1.0067,1.22252,1.34446
3/14/2017,1.0611,114.705,1.00969,1.2158,1.3483
3/15/2017,1.06947,113.47,1.00097,1.22776,1.33267
3/16/2017,1.07593,113.342,0.99623,1.23552,1.33483
3/17/2017,1.07415,112.679,0.99814,1.23928,1.33403
3/20/2017,1.07394,112.545,0.99869,1.23563,1.33496
3/21/2017,1.08084,111.825,0.9943,1.24816,1.33407
3/22/2017,1.0795,110.953,0.99188,1.24865,1.33391
3/23/2017,1.07831,110.921,0.99301,1.25195,1.33507
3/24/2017,1.08142,110.665,0.9894,1.25045,1.33788
3/27/2017,1.08655,110.564,0.98502,1.2563,1.3369
3/28/2017,1.08049,111.134,0.99267,1.24464,1.33812
3/29/2017,1.07601,111.027,0.9963,1.24369,1.33332
3/30/2017,1.06824,111.734,1.00063,1.24693,1.33199
3/31/2017,1.06729,111.387,1.00127,1.25237,1.32965
4/3/2017,1.06648,111.004,1.00193,1.24741,1.3387
4/4/2017,1.06684,110.679,1.002,1.24486,1.34112
4/5/2017,1.06733,110.715,1.0038,1.24917,1.34189
4/6/2017,1.06456,110.789,1.00504,1.24718,1.34148
4/7/2017,1.0591,111.204,1.0087,1.23776,1.3413
4/10/2017,1.0591,110.975,1.00878,1.24126,1.33326
4/11/2017,1.06063,109.658,1.00735,1.2488,1.3337
4/12/2017,1.06415,109.315,1.00502,1.25263,1.32809
4/13/2017,1.06147,109.161,1.0061,1.25024,1.33246
4/14/2017,1.0623,108.598,1.00365,1.25297,1.3316
4/17/2017,1.06395,108.901,1.00475,1.256,1.33133
4/18/2017,1.07351,108.365,0.99554,1.28484,1.33794
4/19/2017,1.07159,108.837,0.99769,1.27794,1.34859
4/20/2017,1.07232,109.244,0.99778,1.28192,1.3472
4/21/2017,1.06968,109.106,0.99786,1.28016,1.35075
4/24/2017,1.08574,109.792,0.99637,1.27874,1.35101
4/25/2017,1.0929,111.109,0.9933,1.2828,1.35763
4/26/2017,1.08969,111.384,0.99408,1.28406,1.36139
4/27/2017,1.0883,111.193,0.99333,1.29065,1.36118
4/28/2017,1.08988,111.423,0.99367,1.29535,1.36557
5/1/2017,1.09013,111.79,0.99591,1.28896,1.36731
5/2/2017,1.09238,112.013,0.99216,1.2927,1.3722
5/3/2017,1.08895,112.69,0.9941,1.28716,1.37181
5/4/2017,1.09836,112.431,0.9867,1.29221,1.37618
5/5/2017,1.09938,112.554,0.98705,1.2976,1.36559
5/8/2017,1.09318,113.069,0.9981,1.29421,1.36963
5/9/2017,1.08703,114.175,1.0086,1.29287,1.37252
5/10/2017,1.08662,114.277,1.0087,1.2947,1.36677
5/11/2017,1.0862,113.834,1.0076,1.28931,1.36892
5/12/2017,1.09234,113.349,1.00213,1.28828,1.3711
5/15/2017,1.09791,113.693,0.9961,1.28956,1.36452
5/16/2017,1.10904,113.005,0.985,1.292,1.35801
5/17/2017,1.11459,111.111,0.97924,1.2954,1.36195
5/18/2017,1.10997,111.481,0.9802,1.29358,1.36061
5/19/2017,1.12033,111.215,0.97308,1.30331,1.35154
5/22/2017,1.12334,111.205,0.97331,1.2994,1.35079
5/23/2017,1.1188,111.668,0.97479,1.2971,1.35026
5/24/2017,1.12107,111.626,0.97392,1.29549,1.34196
5/25/2017,1.12131,111.771,0.97277,1.29409,1.34724
5/26/2017,1.1175,111.242,0.9744,1.2809,1.34495
5/29/2017,1.11799,111.275,0.97548,1.28465,1.34315
5/30/2017,1.11921,110.748,0.9738,1.28599,1.34593
5/31/2017,1.12407,110.655,0.96787,1.28842,1.35084
6/1/2017,1.12142,111.31,0.97125,1.28828,1.35127
6/2/2017,1.12751,110.456,0.96333,1.28799,1.34959
6/5/2017,1.12544,110.496,0.96521,1.29083,1.34707
6/6/2017,1.12745,109.482,0.96209,1.28967,1.34511
6/7/2017,1.12555,109.794,0.9649,1.2949,1.35192
6/8/2017,1.12117,110.018,0.96775,1.29412,1.35053
6/9/2017,1.11945,110.242,0.96938,1.27265,1.34625
6/12/2017,1.1206,109.828,0.96844,1.26555,1.33296
6/13/2017,1.1207,110.002,0.96876,1.2752,1.32359
6/14/2017,1.11961,109.806,0.97328,1.27326,1.32678
6/15/2017,1.11507,110.867,0.9749,1.27605,1.32725
6/16/2017,1.11964,110.813,0.97328,1.27889,1.32144
6/19/2017,1.11471,111.578,0.97578,1.27293,1.32234
6/20/2017,1.11272,111.456,0.9753,1.2629,1.3265
6/21/2017,1.1165,111.345,0.97256,1.2669,1.33144
6/22/2017,1.11528,111.301,0.97157,1.26862,1.32322
6/23/2017,1.11983,111.222,0.969,1.2725,1.3261
6/26/2017,1.11793,111.899,0.97246,1.27177,1.32527
6/27/2017,1.13478,112.136,0.95928,1.28236,1.31507
6/28/2017,1.13785,112.241,0.95942,1.2928,1.30308
6/29/2017,1.1436,112.062,0.956,1.2996,1.30027
6/30/2017,1.1418,112.456,0.95905,1.3017,1.29651
7/3/2017,1.13621,113.405,0.96369,1.29462,1.30019
7/4/2017,1.13492,113.167,0.9646,1.2936,1.2928
7/5/2017,1.1339,113.232,0.96505,1.29254,1.29852
7/6/2017,1.14197,113.231,0.96074,1.29668,1.29645
7/7/2017,1.14062,113.946,0.9635,1.28924,1.28764
7/10/2017,1.14012,114.014,0.96553,1.28807,1.28841
7/11/2017,1.14688,113.881,0.96347,1.28481,1.29183
7/12/2017,1.14201,113.149,0.96492,1.28851,1.2734
7/13/2017,1.1404,113.244,0.96669,1.29436,1.27292
7/14/2017,1.1466,112.578,0.96385,1.30917,1.26473
7/17/2017,1.14774,112.623,0.96227,1.3051,1.26895
7/18/2017,1.15582,111.988,0.95483,1.30456,1.26196
7/19/2017,1.15164,111.826,0.95559,1.30194,1.25974
7/20/2017,1.16271,111.972,0.95146,1.2975,1.2582
7/21/2017,1.16748,111.028,0.94427,1.29996,1.25394
7/24/2017,1.16437,111.106,0.94613,1.3033,1.24988
7/25/2017,1.1652,111.638,0.94948,1.30342,1.25045
7/26/2017,1.1727,111.21,0.9513,1.3104,1.2453
7/27/2017,1.16781,111.139,0.96416,1.3066,1.25594
7/28/2017,1.17561,110.594,0.96841,1.31417,1.24393
7/31/2017,1.1829,110.22,0.9668,1.3195,1.2452
8/1/2017,1.18,110.31,0.9661,1.3206,1.2528
8/2/2017,1.1859,110.58,0.9696,1.323,1.2554
8/3/2017,1.1865,110.06,0.9698,1.313,1.258
8/4/2017,1.1771,110.63,0.9727,1.3041,1.2646
8/7/2017,1.179,110.74,0.9734,1.3025,1.2679
8/8/2017,1.1754,110.46,0.9753,1.2977,1.2665
8/9/2017,1.1757,109.84,0.9634,1.3005,1.2695
8/10/2017,1.1772,109.25,0.9632,1.298,1.2721
8/11/2017,1.1825,108.99,0.9613,1.3017,1.2677
8/14/2017,1.1783,109.65,0.9724,1.2966,1.2718
8/15/2017,1.1736,110.55,0.9724,1.2866,1.2747
8/16/2017,1.1764,110.21,0.9658,1.2882,1.2654
8/17/2017,1.1731,109.95,0.9646,1.288,1.2644
8/18/2017,1.1764,109.19,0.9646,1.2878,1.2572
8/21/2017,1.1813,108.81,0.9621,1.29,1.2565
8/22/2017,1.1752,109.51,0.9684,1.2824,1.256
8/23/2017,1.1813,109.03,0.9653,1.2801,1.2546
8/24/2017,1.1801,109.49,0.9654,1.2801,1.2527
8/25/2017,1.1922,109.34,0.9557,1.2872,1.2476
8/28/2017,1.1982,109.08,0.9545,1.294,1.2496
8/29/2017,1.1975,109.87,0.9549,1.2921,1.2527
8/30/2017,1.189,110.35,0.9633,1.2922,1.2618
8/31/2017,1.1901,109.89,0.9589,1.2926,1.2498
9/1/2017,1.1865,110.24,0.9648,1.2954,1.2388
9/4/2017,1.1907,109.59,0.9552,1.2955,1.2414
9/5/2017,1.1916,108.72,0.955,1.3036,1.238
9/6/2017,1.1911,109.35,0.9573,1.3038,1.2229
9/7/2017,1.2003,108.64,0.9524,1.3082,1.214
9/8/2017,1.2036,107.76,0.9447,1.3204,1.2142
9/11/2017,1.1963,109.31,0.9539,1.3175,1.2113
9/12/2017,1.1964,110.11,0.9608,1.3285,1.2172
9/13/2017,1.188,110.6,0.9654,1.3199,1.2196
9/14/2017,1.1907,110.53,0.9639,1.3397,1.2189
9/15/2017,1.1939,110.86,0.9591,1.3567,1.2178
9/18/2017,1.1952,111.54,0.9607,1.351,1.223
9/19/2017,1.1999,111.45,0.9624,1.3521,1.227
9/20/2017,1.1876,112.42,0.9706,1.3472,1.2344
9/21/2017,1.1932,112.51,0.9717,1.3571,1.2334
9/22/2017,1.1965,111.95,0.9688,1.3507,1.2311
9/25/2017,1.1844,111.61,0.9669,1.347,1.2356
9/26/2017,1.1798,112.24,0.9696,1.3446,1.2371
9/27/2017,1.1752,112.76,0.9718,1.3398,1.246
9/28/2017,1.1783,112.38,0.9701,1.3444,1.242
9/29/2017,1.1817,112.53,0.9681,1.3398,1.2477
10/2/2017,1.1739,112.67,0.9743,1.3264,1.2505
10/3/2017,1.1747,112.92,0.9739,1.3244,1.2492
10/4/2017,1.1762,112.75,0.9752,1.3253,1.2483
10/5/2017,1.1704,112.84,0.9788,1.3114,1.2569
10/6/2017,1.173,112.69,0.9782,1.3065,1.2531
10/9/2017,1.1752,112.65,0.9792,1.3146,1.2538
10/10/2017,1.1815,112.4,0.9747,1.3205,1.2509
10/11/2017,1.1863,112.37,0.9727,1.3226,1.2466
10/12/2017,1.1836,112.21,0.9754,1.3268,1.2461
10/13/2017,1.182,111.89,0.9739,1.3291,1.2481
10/16/2017,1.1786,112.27,0.9763,1.324,1.2523
10/17/2017,1.1769,112.2,0.9784,1.3184,1.252
10/18/2017,1.1799,112.91,0.9809,1.3201,1.247
10/19/2017,1.1827,112.67,0.9766,1.3151,1.2485
10/20/2017,1.1777,113.51,0.9848,1.3186,1.2628
10/23/2017,1.1739,113.73,0.9863,1.3201,1.2639
10/24/2017,1.177,113.8,0.9901,1.3124,1.2679
10/25/2017,1.1809,113.68,0.9885,1.3257,1.2807
10/26/2017,1.1651,113.97,0.9976,1.3153,1.2849
10/27/2017,1.1602,113.77,0.9994,1.311,1.2885
10/30/2017,1.1641,113.12,0.9946,1.3201,1.2832
10/31/2017,1.1652,113.68,0.9975,1.328,1.2896
11/1/2017,1.1624,114.17,1.003,1.3251,1.2874
11/2/2017,1.1659,114.06,0.9993,1.306,1.2809
11/3/2017,1.1602,114.24,1.0013,1.3066,1.2764
11/6/2017,1.1606,113.75,0.9973,1.3167,1.2719
11/7/2017,1.1586,113.84,0.9992,1.3156,1.2792
11/8/2017,1.1594,113.59,0.9979,1.3106,1.2725
11/9/2017,1.1645,113.24,0.9931,1.315,1.2668
11/10/2017,1.1666,113.54,0.9957,1.3197,1.2675
11/13/2017,1.1667,113.63,0.9961,1.3116,1.2727
11/14/2017,1.1795,113.38,0.9885,1.3169,1.2729
11/15/2017,1.1791,112.89,0.9886,1.3162,1.2763
11/16/2017,1.1775,112.82,0.9925,1.3196,1.2728
11/17/2017,1.1801,112.03,0.9878,1.3217,1.2753
11/20/2017,1.1735,112.67,0.993,1.3236,1.2807
11/21/2017,1.174,112.44,0.992,1.3235,1.2776
11/22/2017,1.1817,111.22,0.982,1.3313,1.27
11/23/2017,1.1847,111.19,0.9821,1.3301,1.2717
11/24/2017,1.1928,111.58,0.9796,1.3334,1.2708
11/27/2017,1.1898,111.01,0.9811,1.3319,1.276
11/28/2017,1.1836,111.54,0.9841,1.3365,1.2813
11/29/2017,1.1858,111.85,0.9845,1.3425,1.2849
11/30/2017,1.1903,112.46,0.9837,1.3526,1.2901
12/1/2017,1.1892,112.04,0.9762,1.3468,1.2697
12/4/2017,1.1851,112.56,0.9856,1.3466,1.27
12/5/2017,1.1814,112.58,0.9882,1.3437,1.2693
12/6/2017,1.1791,112.25,0.9902,1.3378,1.2793
12/7/2017,1.1774,113.12,0.9942,1.3464,1.2857
12/8/2017,1.1765,113.52,0.9925,1.3399,1.2867
12/11/2017,1.1788,113.5,0.9909,1.3341,1.2849
12/12/2017,1.1738,113.54,0.992,1.3312,1.287
12/13/2017,1.1815,112.58,0.9851,1.3409,1.2805
12/14/2017,1.1791,112.17,0.9874,1.344,1.2746
12/15/2017,1.176,112.7,0.9916,1.3316,1.286
12/18/2017,1.1779,112.59,0.9863,1.3375,1.2873
12/19/2017,1.1842,112.99,0.9858,1.338,1.2878
12/20/2017,1.1879,113.38,0.9863,1.3397,1.2832
12/21/2017,1.1872,113.31,0.9881,1.3382,1.2728
12/22/2017,1.1852,113.27,0.9892,1.3377,1.2724
12/25/2017,1.1852,113.27,0.9892,1.3377,1.2724
12/26/2017,1.1862,113.13,0.9892,1.338,1.2692
12/27/2017,1.1895,113.27,0.9867,1.3391,1.2643
12/28/2017,1.1946,112.87,0.9785,1.3443,1.2571
12/29/2017,1.2013,112.62,0.9743,1.3522,1.2533
1/1/2018,1.2013,112.62,0.9743,1.3522,1.2533
1/2/2018,1.2053,112.27,0.9721,1.3598,1.2508
1/3/2018,1.2021,112.43,0.9766,1.3518,1.2528
1/4/2018,1.2067,112.75,0.9749,1.355,1.2492
1/5/2018,1.2039,113.12,0.9752,1.3566,1.2409
1/8/2018,1.1961,113.1,0.9776,1.356,1.2424
1/9/2018,1.1931,112.65,0.9833,1.3531,1.2463
1/10/2018,1.196,111.3,0.9774,1.3512,1.2534
1/11/2018,1.204,111.06,0.9758,1.3535,1.2519
1/12/2018,1.2198,111.03,0.9672,1.3728,1.2457
1/15/2018,1.2269,110.52,0.9627,1.3801,1.2416
1/16/2018,1.2271,110.26,0.9587,1.3794,1.242
1/17/2018,1.2224,111.12,0.9624,1.387,1.2411
1/18/2018,1.2239,111.01,0.9584,1.3891,1.242
1/19/2018,1.223,110.59,0.962,1.3869,1.2481
1/22/2018,1.2257,110.98,0.9622,1.3984,1.2455
1/23/2018,1.2289,110.32,0.9584,1.3994,1.2426
1/24/2018,1.2399,109.08,0.9459,1.4205,1.2325
1/25/2018,1.2409,109.3,0.9414,1.4137,1.2367
1/26/2018,1.2419,108.69,0.9354,1.4149,1.2321
1/29/2018,1.2385,108.97,0.9371,1.4072,1.2327
1/30/2018,1.2396,108.78,0.9345,1.4144,1.2324
1/31/2018,1.2416,109.15,0.9306,1.4203,1.2299
2/1/2018,1.2514,109.34,0.9266,1.4268,1.2267
2/2/2018,1.2452,110.28,0.9315,1.4125,1.2386
2/5/2018,1.2389,109.12,0.9342,1.3971,1.2523
2/6/2018,1.2373,109.52,0.9359,1.3947,1.2496
2/7/2018,1.2269,109.56,0.9438,1.387,1.2561
2/8/2018,1.2242,108.73,0.9362,1.3899,1.261
2/9/2018,1.2235,108.81,0.9398,1.3826,1.2586
2/12/2018,1.229,108.68,0.9385,1.3832,1.2596
2/13/2018,1.2352,107.71,0.9344,1.3876,1.2591
2/14/2018,1.2446,107.16,0.9307,1.3998,1.2509
2/15/2018,1.2506,106.09,0.9215,1.4097,1.2483
2/16/2018,1.2406,106.35,0.9279,1.4011,1.2556
2/19/2018,1.2405,106.57,0.9295,1.4003,1.2561
2/20/2018,1.2335,107.23,0.9356,1.3985,1.2643
2/21/2018,1.2293,107.64,0.938,1.3923,1.2685
2/22/2018,1.2326,106.69,0.9331,1.3954,1.2712
2/23/2018,1.229,106.69,0.9363,1.3966,1.2658
2/26/2018,1.2308,106.97,0.9381,1.3963,1.268
2/27/2018,1.2234,107.37,0.939,1.3913,1.2753
2/28/2018,1.2199,106.65,0.9441,1.3762,1.2833
3/1/2018,1.2255,106.22,0.9425,1.3771,1.2817
3/2/2018,1.2324,105.64,0.9372,1.3784,1.2901
3/5/2018,1.2328,106.2,0.9403,1.3833,1.299
3/6/2018,1.24,106.2,0.9407,1.3888,1.2897
3/7/2018,1.2403,106.04,0.9438,1.3889,1.2959
3/8/2018,1.2301,106.21,0.9517,1.3803,1.2898
3/9/2018,1.2306,106.82,0.9514,1.3842,1.283
3/12/2018,1.2337,106.34,0.9466,1.3909,1.2824
3/13/2018,1.2395,106.59,0.9441,1.3975,1.294
3/14/2018,1.2371,106.25,0.9449,1.3968,1.2944
3/15/2018,1.2301,106.22,0.9514,1.3928,1.3056
3/16/2018,1.2287,106.04,0.9525,1.3938,1.309
3/19/2018,1.2339,106.12,0.9503,1.4029,1.3061
3/20/2018,1.2254,106.47,0.9553,1.4005,1.3079
3/21/2018,1.2334,106.07,0.9502,1.4137,1.2912
3/22/2018,1.2306,105.59,0.9503,1.4106,1.2915
3/23/2018,1.2358,104.86,0.9467,1.4137,1.287
3/26/2018,1.2453,105.27,0.9447,1.4227,1.2866
3/27/2018,1.2402,105.49,0.947,1.4154,1.2879
3/28/2018,1.2308,106.83,0.9572,1.4077,1.2917
3/29/2018,1.2304,106.48,0.9563,1.4033,1.2871
3/30/2018,1.2323,106.21,0.9528,1.4046,1.2893
4/2/2018,1.23,105.86,0.9544,1.4042,1.2936
4/3/2018,1.227,106.58,0.9588,1.406,1.2797
4/4/2018,1.2281,106.74,0.9602,1.4075,1.2789
4/5/2018,1.2232,107.44,0.9628,1.3996,1.2781
4/6/2018,1.2288,106.8,0.9586,1.4086,1.2781
4/9/2018,1.2318,106.75,0.9565,1.4128,1.2708
4/10/2018,1.2359,107.17,0.9567,1.4181,1.2596
4/11/2018,1.2362,106.91,0.958,1.4173,1.2579
4/12/2018,1.233,107.19,0.9619,1.4224,1.2586
4/13/2018,1.2338,107.37,0.9618,1.4239,1.2614
4/16/2018,1.2375,107.11,0.9599,1.4327,1.2571
4/17/2018,1.2364,107.01,0.9661,1.4289,1.2546
4/18/2018,1.2372,107.3,0.9685,1.42,1.2629
4/19/2018,1.2345,107.39,0.9713,1.4088,1.2664
4/20/2018,1.2281,107.57,0.9749,1.4011,1.2748
4/23/2018,1.2205,108.42,0.9765,1.3935,1.2829
4/24/2018,1.2236,108.42,0.9765,1.3971,1.2829
4/25/2018,1.2175,108.42,0.9765,1.3937,1.2829
4/26/2018,1.2105,108.42,0.9765,1.3925,1.2829
4/27/2018,1.2123,108.42,0.9765,1.3785,1.2829
4/30/2018,1.2082,108.42,0.9765,1.3752,1.2829
5/1/2018,1.1995,108.42,0.9765,1.3615,1.2829
5/2/2018,1.1946,108.42,0.9765,1.3565,1.2829
5/3/2018,1.1994,108.42,0.9765,1.3571,1.2829
5/4/2018,1.1962,108.42,0.9765,1.3545,1.2829
5/7/2018,1.1924,108.42,0.9765,1.356,1.2829
5/8/2018,1.1859,108.42,0.9765,1.3536,1.2829
5/9/2018,1.186,109.69,1.0046,1.3555,1.2843
5/10/2018,1.1923,109.36,1.0022,1.3517,1.276
5/11/2018,1.1945,109.28,1.0008,1.3545,1.2785
5/14/2018,1.1943,109.6,0.9998,1.35633,1.27973
5/15/2018,1.1847,110.27,1.0017,1.34973,1.28625
5/16/2018,1.1798,110.26,1.0011,1.35621,1.2755
5/17/2018,1.1796,110.79,1.0011,1.35126,1.28247
5/18/2018,1.1775,110.68,0.9974,1.34686,1.28838
5/21/2018,1.1772,111.11,0.9976,1.34318,1.28753
5/22/2018,1.1781,110.96,0.9926,1.34184,1.27788
5/23/2018,1.1707,110.05,0.9956,1.34099,1.28514
5/24/2018,1.1725,109.32,0.9915,1.33597,1.28485
5/25/2018,1.1668,109.38,0.9918,1.33696,1.29037
5/28/2018,1.1629,109.43,0.9934,1.32955,1.29733
5/29/2018,1.1533,108.41,0.989,1.33186,1.29905
5/30/2018,1.1654,108.92,0.9895,1.33167,1.2987
5/31/2018,1.1685,108.67,0.9851,1.32496,1.30247
6/1/2018,1.166,109.53,0.9881,1.32966,1.28777
6/4/2018,1.17,109.69,0.9876,1.32692,1.29528
6/5/2018,1.1716,109.73,0.9843,1.33474,1.2951
6/6/2018,1.1767,110.22,0.9859,1.33699,1.29405
6/7/2018,1.1813,109.74,0.9802,1.33072,1.29306
6/8/2018,1.1768,109.47,0.9852,1.3407,1.29434
6/11/2018,1.1784,110.03,0.9852,1.3425,1.2944
6/12/2018,1.1748,110.36,0.9863,1.34197,1.29808
6/13/2018,1.1784,110.52,0.9857,1.34063,1.29248
6/14/2018,1.1597,110.58,0.9964,1.32465,1.31296
6/15/2018,1.1613,110.59,0.9969,1.32735,1.31727
6/18/2018,1.1614,110.5,0.9946,1.3241,1.3213
6/19/2018,1.1571,110.06,0.9951,1.3168,1.3283
6/20/2018,1.1584,110.39,0.9958,1.3184,1.3318
6/21/2018,1.162,109.87,0.9907,1.3249,1.3305
6/22/2018,1.1659,109.9,0.9877,1.3259,1.3282
6/25/2018,1.1707,109.39,0.9856,1.3282,1.3298
6/26/2018,1.1649,110.06,0.9908,1.3231,1.3302
6/27/2018,1.1546,110.3,0.9973,1.3117,1.3358
6/28/2018,1.1558,110.61,0.9983,1.307,1.3269
6/29/2018,1.1672,110.86,0.991,1.3189,1.3158
7/2/2018,1.1642,110.83,0.9934,1.3142,1.3189
7/3/2018,1.1652,110.53,0.9926,1.3165,1.3163
7/4/2018,1.1647,110.5,0.9931,1.3215,1.3142
7/5/2018,1.168,110.67,0.9942,1.3213,1.3144
7/6/2018,1.1742,110.46,0.99,1.3267,1.3103
7/9/2018,1.1749,110.81,0.9918,1.3254,1.3108
7/10/2018,1.1743,111.27,0.9923,1.3264,1.3121
7/11/2018,1.1675,111.99,0.9957,1.3213,1.3193
7/12/2018,1.1666,112.5,1.0026,1.3207,1.3171
7/13/2018,1.1677,112.31,1.002,1.3227,1.3159
7/16/2018,1.1713,112.27,0.9966,1.3231,1.3143
7/17/2018,1.166,112.84,0.9994,1.3122,1.3191
7/18/2018,1.1647,112.85,0.999,1.3061,1.3174
7/19/2018,1.1643,112.45,0.9987,1.3014,1.3253
7/20/2018,1.1723,111.55,0.9925,1.3129,1.3132
7/23/2018,1.169,111.48,0.993,1.31,1.3174
7/24/2018,1.1682,111.19,0.9938,1.3137,1.3158
7/25/2018,1.1732,110.95,0.9913,1.3191,1.3039
7/26/2018,1.1645,111.24,0.9945,1.311,1.3067
7/27/2018,1.1656,111,0.9942,1.311,1.3067
7/30/2018,1.1709,111.01,0.9878,1.3134,1.3023
7/31/2018,1.1698,111.82,0.9898,1.3125,1.2994
8/1/2018,1.1662,111.56,0.9917,1.3128,1.2991
8/2/2018,1.1586,111.69,0.9954,1.3017,1.3025
8/3/2018,1.1575,111.25,0.994,1.3004,1.2981
8/6/2018,1.1555,111.39,0.9964,1.2943,1.3003
8/7/2018,1.1594,111.41,0.9953,1.2936,1.3066
8/8/2018,1.1618,110.97,0.9929,1.289,1.3009
8/9/2018,1.1536,111.03,0.9931,1.2844,1.3038
8/10/2018,1.1403,110.73,0.9948,1.2763,1.3136
8/13/2018,1.1392,110.67,0.9935,1.2751,1.3145
8/14/2018,1.1341,111.2,0.9942,1.2712,1.308
8/15/2018,1.1351,110.64,0.9926,1.2702,1.3132
8/16/2018,1.1367,110.87,0.9961,1.2712,1.3158
8/17/2018,1.1438,110.58,0.9948,1.2745,1.3055
8/20/2018,1.1465,110.23,0.9923,1.2781,1.3054
8/21/2018,1.1572,110.42,0.9854,1.2901,1.3045
8/22/2018,1.1589,110.56,0.9835,1.2904,1.3022
8/23/2018,1.1537,111.23,0.9859,1.2814,1.3085
8/24/2018,1.1626,111.17,0.9821,1.2863,1.3018
8/27/2018,1.1678,111.1,0.9794,1.2892,1.2964
8/28/2018,1.1696,111.22,0.9765,1.2869,1.2931
8/29/2018,1.1699,111.68,0.9711,1.3021,1.2922
8/30/2018,1.1664,111.07,0.9697,1.3012,1.2994
8/31/2018,1.1603,111,0.9692,1.296,1.3043
9/3/2018,1.1616,111.03,0.969,1.2879,1.3095
9/4/2018,1.1576,111.47,0.9745,1.2855,1.3176
9/5/2018,1.1626,111.52,0.9719,1.2903,1.318
9/6/2018,1.1625,110.91,0.9663,1.2934,1.3138
9/7/2018,1.1563,111.09,0.969,1.2922,1.317
9/10/2018,1.1594,111.19,0.975,1.3026,1.3161
9/11/2018,1.1586,111.56,0.9733,1.3009,1.3129
9/12/2018,1.1626,111.24,0.9703,1.3048,1.2995
9/13/2018,1.1692,111.85,0.9658,1.311,1.2993
9/14/2018,1.1631,112.01,0.9668,1.3065,1.3032
9/17/2018,1.1683,111.86,0.9623,1.3161,1.3026
9/18/2018,1.1665,112.35,0.9652,1.3135,1.2982
9/19/2018,1.1673,112.23,0.9669,1.3142,1.2923
9/20/2018,1.1774,112.47,0.9595,1.3266,1.2915
9/21/2018,1.175,112.54,0.9588,1.3079,1.2914
9/24/2018,1.1757,112.71,0.9633,1.3118,1.2943
9/25/2018,1.1768,112.94,0.9648,1.3188,1.2947
9/26/2018,1.1762,112.84,0.9647,1.3183,1.3002
9/27/2018,1.165,113.38,0.9763,1.3077,1.304
9/28/2018,1.1614,113.58,0.9785,1.3042,1.2926
10/1/2018,1.1574,113.97,0.9838,1.3037,1.2789
10/2/2018,1.1542,113.63,0.9847,1.2976,1.2819
10/3/2018,1.1516,114.31,0.9896,1.2976,1.2844
10/4/2018,1.1512,113.85,0.9924,1.3025,1.2923
10/5/2018,1.1524,113.78,0.9918,1.3107,1.2939
10/8/2018,1.1489,112.97,0.9926,1.309,1.2954
10/9/2018,1.1496,113.04,0.9922,1.3145,1.2944
10/10/2018,1.1524,112.53,0.9918,1.3196,1.3035
10/11/2018,1.1593,111.95,0.9892,1.323,1.305
10/12/2018,1.1559,111.94,0.9909,1.3153,1.3047
10/15/2018,1.1583,111.88,0.9872,1.3153,1.2986
10/16/2018,1.1578,112.17,0.9899,1.319,1.2939
10/17/2018,1.1507,112.49,0.9948,1.3121,1.3011
10/18/2018,1.1464,112.16,0.9952,1.3029,1.3079
10/19/2018,1.1511,112.57,0.997,1.3066,1.3114
10/22/2018,1.1468,112.82,0.996,1.2972,1.3099
10/23/2018,1.1469,112.46,0.9954,1.2983,1.3088
10/24/2018,1.1387,112.38,0.9972,1.288,1.3023
10/25/2018,1.1362,112.58,1.0003,1.2823,1.3078
10/26/2018,1.1405,111.77,0.9972,1.2831,1.309
10/29/2018,1.1392,112.38,1.0009,1.2806,1.3124
10/30/2018,1.1343,112.92,1.0049,1.27,1.3132
10/31/2018,1.1314,113.02,1.0082,1.2765,1.3168
11/1/2018,1.1407,112.72,1.0022,1.3015,1.3088
11/2/2018,1.138,113.28,1.0046,1.2963,1.3112
11/5/2018,1.141,113.2,1.0042,1.3044,1.3105
11/6/2018,1.1412,113.45,1.0032,1.309,1.3136
11/7/2018,1.1456,113.35,1.0003,1.315,1.3101
11/8/2018,1.1364,113.95,1.0063,1.3057,1.3171
11/9/2018,1.133,113.81,1.0059,1.2959,1.3205
11/12/2018,1.1241,113.8,1.0097,1.2849,1.3225
11/13/2018,1.1273,113.78,1.008,1.2956,1.3248
11/14/2018,1.1336,113.54,1.0046,1.3019,1.3224
11/15/2018,1.1348,113.58,1.0057,1.2789,1.317
11/16/2018,1.1409,112.86,0.9999,1.2832,1.3153
11/19/2018,1.1454,112.54,0.9934,1.2854,1.3177
11/20/2018,1.1364,112.68,0.9952,1.2785,1.331
11/21/2018,1.1391,113.07,0.9941,1.2779,1.3251
11/22/2018,1.1406,112.96,0.9948,1.2869,1.3216
11/23/2018,1.1332,112.83,0.9977,1.281,1.3219
11/26/2018,1.1329,113.63,0.9989,1.2809,1.3243
11/27/2018,1.1291,113.78,0.9986,1.2731,1.3296
11/28/2018,1.137,113.56,0.9933,1.2832,1.3273
11/29/2018,1.1383,113.43,0.9963,1.278,1.3271
11/30/2018,1.1311,113.61,0.9997,1.2744,1.3289
12/3/2018,1.134,113.67,0.9987,1.2724,1.3214
12/4/2018,1.1342,112.78,0.9975,1.2715,1.3244
12/5/2018,1.1347,113.13,0.9981,1.2745,1.3382
12/6/2018,1.138,112.52,0.9925,1.2782,1.3394
12/7/2018,1.1412,112.63,0.9896,1.2748,1.3298
12/10/2018,1.1352,113.17,0.9896,1.2555,1.3406
12/11/2018,1.1326,113.41,0.9926,1.253,1.3394
12/12/2018,1.1366,113.21,0.9925,1.2632,1.3352
12/13/2018,1.1366,113.6,0.9934,1.2658,1.3356
12/14/2018,1.1306,113.27,0.9976,1.2581,1.3372
12/17/2018,1.1348,112.75,0.9926,1.2624,1.3413
12/18/2018,1.1353,112.6,0.9932,1.2625,1.3489
12/19/2018,1.1379,112.36,0.9939,1.262,1.3491
12/20/2018,1.1469,111.12,0.9869,1.2671,1.3494
12/21/2018,1.1371,111.3,0.9947,1.2635,1.3588
12/24/2018,1.1415,110.45,0.9888,1.2722,1.3588
12/25/2018,1.1398,110.25,0.9814,1.2737,1.3696
12/26/2018,1.1355,111.17,0.9948,1.2635,1.3583
12/27/2018,1.1445,110.71,0.9867,1.2644,1.3636
12/28/2018,1.1441,110.39,0.9856,1.2694,1.3633
12/31/2018,1.1445,109.59,0.9838,1.274,1.3639
1/1/2019,1.1424,109.64,0.9816,1.2724,1.3582
1/2/2019,1.1341,109.27,0.9909,1.2607,1.3582
1/3/2019,1.1396,107.56,0.9874,1.2632,1.348
1/4/2019,1.1396,108.47,0.986,1.274,1.34
1/7/2019,1.1476,108.64,0.9796,1.2768,1.3294
1/8/2019,1.1439,108.65,0.9812,1.2712,1.3273
1/9/2019,1.154,108.28,0.9751,1.2793,1.3215
1/10/2019,1.1497,108.41,0.984,1.2745,1.3228
1/11/2019,1.1462,108.49,0.9842,1.2843,1.3266
1/14/2019,1.1464,108.19,0.9811,1.2864,1.3266
1/15/2019,1.1407,108.57,0.9879,1.284,1.3276
1/16/2019,1.1399,108.97,0.99,1.2883,1.3235
1/17/2019,1.139,109.32,0.9935,1.2993,1.3254
1/18/2019,1.1363,109.76,0.9956,1.2862,1.3275
1/21/2019,1.1368,109.61,0.997,1.2896,1.3292
1/22/2019,1.1361,109.24,0.9969,1.2961,1.3345
1/23/2019,1.1381,109.58,0.9945,1.3063,1.3345
1/24/2019,1.13,109.65,0.996,1.305,1.3351
1/25/2019,1.1406,109.72,0.9925,1.3191,1.325
1/28/2019,1.1426,109.34,0.9914,1.3158,1.3252
1/29/2019,1.1433,109.34,0.9945,1.3076,1.328
1/30/2019,1.148,108.92,0.994,1.3108,1.3159
1/31/2019,1.1443,108.85,0.994,1.311,1.3129
2/1/2019,1.1459,109.48,0.9942,1.308,1.3085
2/4/2019,1.1433,109.89,0.9978,1.304,1.3123
2/5/2019,1.141,109.95,0.9997,1.2954,1.3142
2/6/2019,1.1363,109.96,1.0023,1.2935,1.3201
2/7/2019,1.1351,109.8,1.0022,1.2955,1.3301
2/8/2019,1.1324,109.77,1.0008,1.2933,1.3268
2/11/2019,1.1276,110.41,1.0037,1.2856,1.3296
2/12/2019,1.1332,110.48,1.0064,1.2897,1.3235
2/13/2019,1.1266,111,1.0091,1.2846,1.3258
2/14/2019,1.1299,110.52,1.0049,1.2803,1.3273
2/15/2019,1.1298,110.41,1.005,1.2887,1.3251
2/18/2019,1.1308,110.58,1.0039,1.2926,1.3232
2/19/2019,1.1335,110.65,1.0009,1.3065,1.3211
2/20/2019,1.1347,110.78,1.0088,1.3059,1.3158
2/21/2019,1.1328,110.76,1.0008,1.303,1.3211
2/22/2019,1.1333,110.67,1.0001,1.3048,1.3143
2/25/2019,1.1362,111.08,1.0001,1.3101,1.3185
2/26/2019,1.1394,110.53,0.9991,1.3272,1.3171
2/27/2019,1.137,111.03,1.0011,1.3307,1.3147
2/28/2019,1.1374,111.42,0.9976,1.3262,1.3145
3/1/2019,1.1356,111.99,0.9994,1.3173,1.3296
3/4/2019,1.1328,111.71,0.9994,1.3169,1.3317
3/5/2019,1.1303,111.88,1.0043,1.3167,1.3342
3/6/2019,1.131,111.77,1.0046,1.3173,1.3425
3/7/2019,1.1186,111.56,1.0116,1.3072,1.3453
3/8/2019,1.1238,111.04,1.0073,1.3007,1.3403
3/11/2019,1.1239,111.21,1.0108,1.3151,1.3407
3/12/2019,1.1304,111.28,1.0067,1.3095,1.3353
3/13/2019,1.1332,111.1,1.0026,1.3235,1.3296
3/14/2019,1.1299,111.7,1.004,1.3233,1.3319
3/15/2019,1.1321,111.48,1.0022,1.3292,1.3339
3/18/2019,1.1335,111.39,1.0009,1.3249,1.3348
3/19/2019,1.1352,111.35,0.9989,1.3275,1.3308
3/20/2019,1.1423,110.68,0.9918,1.3196,1.3285
3/21/2019,1.1357,110.81,0.9933,1.3074,1.3373
3/22/2019,1.1294,110.06,0.9943,1.3203,1.3414
3/25/2019,1.1318,109.97,0.9918,1.3179,1.3412
3/26/2019,1.1275,110.52,0.9934,1.3216,1.3374
3/27/2019,1.1259,110.41,0.9949,1.3265,1.3403
3/28/2019,1.1224,110.59,0.9953,1.3045,1.3438
3/29/2019,1.1222,110.79,0.9955,1.3013,1.3354
4/1/2019,1.1211,111.36,0.9987,1.3126,1.3304
4/2/2019,1.1194,111.37,0.9983,1.311,1.3345
4/3/2019,1.1239,111.45,0.9974,1.3157,1.3337
4/4/2019,1.1221,111.58,1.0002,1.3075,1.3359
4/5/2019,1.1216,111.69,0.9998,1.3025,1.3387
4/8/2019,1.126,111.51,0.9991,1.3065,1.331
4/9/2019,1.1262,111.12,0.9995,1.3053,1.332
4/10/2019,1.1264,111.1,0.9994,1.3031,1.332
4/11/2019,1.1275,110.96,1.0022,1.3097,1.3317
4/12/2019,1.1297,112.02,1.0026,1.3074,1.3332
4/15/2019,1.13,112,1.0044,1.3095,1.3372
4/16/2019,1.1285,111.97,1.0072,1.3045,1.3349
4/17/2019,1.1299,112.05,1.0102,1.3039,1.3341
4/18/2019,1.1228,111.94,1.015,1.2988,1.3387
4/19/2019,1.1244,111.93,1.0136,1.2991,1.337
4/22/2019,1.1259,111.94,1.0159,1.2979,1.3347
4/23/2019,1.1215,111.82,1.0202,1.2936,1.3438
4/24/2019,1.1146,112.31,1.0212,1.2909,1.3482
4/25/2019,1.113,111.62,1.0209,1.2893,1.3486
4/26/2019,1.1152,111.57,1.0191,1.2922,1.3455
4/29/2019,1.1182,111.74,1.0198,1.2931,1.3446
4/30/2019,1.1205,111.38,1.0196,1.3039,1.342
5/1/2019,1.1196,111.53,1.0177,1.3044,1.3448
5/2/2019,1.1173,111.5,1.0195,1.3033,1.3465
5/3/2019,1.1196,111.09,1.0169,1.3168,1.3423
5/6/2019,1.1203,110.89,1.0173,1.3102,1.3432
5/7/2019,1.1185,110.2,1.0189,1.3062,1.3479
5/8/2019,1.119,110.13,1.0199,1.3005,1.347
5/9/2019,1.1223,109.72,1.0148,1.3022,1.346
5/10/2019,1.1228,110.01,1.0126,1.3004,1.3412
5/13/2019,1.1227,109.33,1.0066,1.2957,1.347
5/14/2019,1.1205,109.65,1.0095,1.2905,1.3457
5/15/2019,1.12,109.54,1.0094,1.2844,1.3433
5/16/2019,1.1168,109.84,1.0098,1.2793,1.3466
5/17/2019,1.116,110.05,1.0106,1.2724,1.3439
5/20/2019,1.1168,109.97,1.0084,1.2724,1.3431
5/21/2019,1.1157,110.61,1.0112,1.2701,1.3401
5/22/2019,1.1155,110.31,1.0088,1.266,1.3426
5/23/2019,1.118,109.53,1.0028,1.2655,1.3483
5/24/2019,1.1205,109.33,1.0011,1.271,1.344
5/27/2019,1.1196,109.52,1.0038,1.2679,1.344
5/28/2019,1.1163,109.38,1.0075,1.2658,1.3488
5/29/2019,1.1134,109.28,1.0065,1.2625,1.3525
5/30/2019,1.1135,109.53,1.0071,1.2608,1.3509
5/31/2019,1.1172,108.39,1.001,1.2637,1.3515
6/3/2019,1.1255,108.01,0.992,1.2664,1.3435
6/4/2019,1.1256,108.11,0.9911,1.2701,1.3396
6/5/2019,1.1224,108.37,0.9939,1.2692,1.3422
6/6/2019,1.1271,108.45,0.9913,1.2693,1.336
6/7/2019,1.1334,108.15,0.9868,1.2738,1.3272
6/10/2019,1.1312,108.52,0.9897,1.2685,1.326
6/11/2019,1.1326,108.52,0.9921,1.2716,1.3283
6/12/2019,1.1287,108.51,0.9956,1.2684,1.3335
6/13/2019,1.1278,108.32,0.9933,1.268,1.3324
6/14/2019,1.1208,108.52,0.9989,1.2599,1.3398
6/17/2019,1.1217,108.56,0.9985,1.2539,1.3415
6/18/2019,1.1193,108.43,1,1.2559,1.3381
6/19/2019,1.1231,108.1,0.9932,1.2647,1.3297
6/20/2019,1.1294,107.24,0.98,1.2704,1.319
6/21/2019,1.1367,107.39,0.9767,1.2733,1.3208
6/24/2019,1.1396,107.34,0.9722,1.274,1.3187
6/25/2019,1.1372,107.11,0.975,1.2695,1.3178
6/26/2019,1.1367,107.81,0.9781,1.2686,1.3113
6/27/2019,1.1365,107.71,0.9764,1.2673,1.3111
6/28/2019,1.1372,107.76,0.9752,1.2698,1.3084
7/1/2019,1.1286,108.41,0.9875,1.2637,1.313
7/2/2019,1.1289,107.87,0.9862,1.2603,1.3107
7/3/2019,1.1282,107.81,0.9864,1.2558,1.3069
7/4/2019,1.1283,107.81,0.9848,1.2577,1.3044
7/5/2019,1.1218,108.48,0.9918,1.2482,1.311
7/8/2019,1.1213,108.66,0.9936,1.25,1.309
7/9/2019,1.1209,108.81,0.993,1.244,1.3128
7/10/2019,1.1252,108.42,0.9893,1.2444,1.3066
7/11/2019,1.1255,108.43,0.9898,1.2486,1.3069
7/12/2019,1.1271,107.8,0.9843,1.2518,1.3031
7/15/2019,1.1258,107.89,0.9848,1.251,1.3044
7/16/2019,1.1203,108.34,0.9886,1.2397,1.3071
7/17/2019,1.122,108.09,0.9872,1.2383,1.3047
7/18/2019,1.1273,107.3,0.9815,1.2427,1.3042
7/19/2019,1.1216,107.77,0.9827,1.2496,1.3066
7/22/2019,1.1211,107.87,0.9817,1.2479,1.311
7/23/2019,1.1148,108.25,0.9856,1.2438,1.3138
7/24/2019,1.1136,108.2,0.9855,1.2479,1.3139
7/25/2019,1.1148,108.68,0.9907,1.2454,1.3157
7/26/2019,1.1124,108.7,0.9942,1.2384,1.3175
7/29/2019,1.1145,108.77,0.9911,1.2226,1.3157
7/30/2019,1.1157,108.54,0.9899,1.2161,1.3151
7/31/2019,1.1089,108.72,0.9924,1.2171,1.3183
8/1/2019,1.1081,107.46,0.9903,1.2142,1.322
8/2/2019,1.111,106.54,0.9819,1.216,1.3211
8/5/2019,1.1199,106.01,0.9734,1.2141,1.3215
8/6/2019,1.1195,106.56,0.9773,1.2151,1.3279
8/7/2019,1.121,106.11,0.9737,1.2143,1.3311
8/8/2019,1.1184,105.96,0.975,1.2136,1.3229
8/9/2019,1.1204,105.58,0.9722,1.205,1.3204
8/12/2019,1.1212,105.31,0.9693,1.2073,1.3244
8/13/2019,1.1172,106.63,0.9759,1.2053,1.3223
8/14/2019,1.1135,105.83,0.9733,1.2057,1.332
8/15/2019,1.1101,106.12,0.9768,1.2101,1.3324
8/16/2019,1.1099,106.23,0.978,1.215,1.3269
8/19/2019,1.108,106.63,0.9813,1.2139,1.3323
8/20/2019,1.1095,106.31,0.9779,1.2165,1.332
8/21/2019,1.1086,106.56,0.9822,1.2122,1.3294
8/22/2019,1.1079,106.41,0.9833,1.2252,1.3298
8/23/2019,1.1145,105.29,0.9741,1.2285,1.329
8/26/2019,1.1098,106.11,0.9791,1.222,1.3258
8/27/2019,1.1091,105.76,0.9809,1.2294,1.3284
8/28/2019,1.1078,106.04,0.9816,1.2215,1.33
8/29/2019,1.1051,106.63,0.9868,1.2183,1.3295
8/30/2019,1.0975,106.27,0.9909,1.2147,1.3327
9/2/2019,1.097,106.19,0.9904,1.2064,1.3328
9/3/2019,1.0966,106.03,0.9872,1.2085,1.3321
9/4/2019,1.103,106.38,0.9802,1.2219,1.3226
9/5/2019,1.1032,106.96,0.9866,1.2325,1.3238
9/6/2019,1.103,106.88,0.9877,1.2293,1.3169
9/9/2019,1.1049,107.16,0.9919,1.2345,1.3158
9/10/2019,1.1038,107.49,0.9913,1.2345,1.3151
9/11/2019,1.1007,107.79,0.9927,1.2327,1.3191
9/12/2019,1.1064,108.14,0.9904,1.2344,1.3213
9/13/2019,1.1073,108.09,0.9901,1.2491,1.3273
9/16/2019,1.0998,108.05,0.9927,1.2423,1.3236
9/17/2019,1.1068,108.15,0.9933,1.2497,1.3247
9/18/2019,1.1019,108.45,0.998,1.2481,1.3292
9/19/2019,1.1041,108.01,0.9924,1.2527,1.3256
9/20/2019,1.1014,107.61,0.9915,1.2476,1.3274
9/23/2019,1.0996,107.48,0.9898,1.2432,1.326
9/24/2019,1.1016,107.03,0.985,1.249,1.3241
9/25/2019,1.0945,107.78,0.9917,1.2357,1.3256
9/26/2019,1.0927,107.85,0.9933,1.2328,1.3261
9/27/2019,1.0941,107.87,0.9902,1.2292,1.3242
9/30/2019,1.0901,108.08,0.998,1.2291,1.3235
10/1/2019,1.0931,107.76,0.9932,1.2295,1.3223
10/2/2019,1.0959,107.2,0.9972,1.2302,1.3311
10/3/2019,1.0967,106.87,0.9989,1.2348,1.3331
10/4/2019,1.0978,106.9,0.9952,1.2328,1.3325
10/7/2019,1.097,107.29,0.9947,1.2295,1.3303
10/8/2019,1.0955,107.1,0.9931,1.2219,1.3318
10/9/2019,1.0973,107.53,0.9957,1.221,1.3324
10/10/2019,1.1005,107.92,0.9965,1.2443,1.3296
10/11/2019,1.104,108.49,0.9976,1.2658,1.3186
10/14/2019,1.1025,108.34,0.9975,1.2562,1.3233
10/15/2019,1.103,108.83,0.9989,1.2776,1.3202
10/16/2019,1.1073,108.76,0.9947,1.2825,1.3199
10/17/2019,1.1125,108.62,0.9878,1.2875,1.3142
10/18/2019,1.1162,108.4,0.9842,1.2944,1.3116
10/21/2019,1.1145,108.59,0.9856,1.2966,1.3084
10/22/2019,1.1119,108.47,0.989,1.2862,1.3103
10/23/2019,1.1133,108.65,0.99,1.2915,1.3072
10/24/2019,1.1105,108.59,0.9918,1.2861,1.3072
10/25/2019,1.1078,108.69,0.9946,1.2828,1.3063
10/28/2019,1.1098,108.97,0.9947,1.2855,1.3048
10/29/2019,1.1109,108.88,0.994,1.2858,1.3085
10/30/2019,1.1142,108.83,0.9897,1.2898,1.3165
10/31/2019,1.1143,107.97,0.9869,1.2935,1.3164
11/1/2019,1.1164,108.22,0.9854,1.2935,1.3146
11/4/2019,1.1126,108.59,0.988,1.288,1.3151
11/5/2019,1.1073,109.19,0.9925,1.2887,1.3154
11/6/2019,1.1069,108.9,0.9923,1.285,1.3176
11/7/2019,1.1049,109.27,0.9953,1.282,1.3179
11/8/2019,1.1021,109.16,0.9975,1.278,1.3224
11/11/2019,1.1034,109.01,0.993,1.2853,1.322
11/12/2019,1.1011,108.94,0.9925,1.2857,1.3218
11/13/2019,1.1001,108.75,0.9889,1.2839,1.325
11/14/2019,1.1023,108.36,0.988,1.2874,1.3254
11/15/2019,1.1052,108.8,0.9899,1.2901,1.3228
11/18/2019,1.1076,108.63,0.9882,1.296,1.3205
11/19/2019,1.1078,108.51,0.9908,1.2915,1.3265
11/20/2019,1.107,108.61,0.9913,1.2919,1.3305
11/21/2019,1.106,108.65,0.9932,1.2904,1.328
11/22/2019,1.1018,108.64,0.9976,1.2833,1.3297
11/25/2019,1.1008,108.94,0.9969,1.2903,1.3303
11/26/2019,1.1022,109.02,0.9969,1.2867,1.3275
11/27/2019,1.1003,109.53,0.9993,1.2909,1.328
11/28/2019,1.1007,109.5,0.999,1.2909,1.3281
11/29/2019,1.1015,109.45,1,1.2931,1.3281
12/2/2019,1.1073,108.98,0.9916,1.2939,1.3295
12/3/2019,1.1082,108.56,0.9868,1.2992,1.3299
12/4/2019,1.1072,108.91,0.9894,1.3096,1.3193
12/5/2019,1.1098,108.74,0.9873,1.3159,1.3168
12/6/2019,1.1056,108.56,0.9897,1.3138,1.3257
12/9/2019,1.1061,108.63,0.9882,1.3146,1.3226
12/10/2019,1.1094,108.72,0.9837,1.3198,1.3228
12/11/2019,1.1132,108.54,0.9824,1.3204,1.317
12/12/2019,1.1124,109.33,0.9851,1.3168,1.3177
12/13/2019,1.112,109.29,0.9835,1.3334,1.3188
12/16/2019,1.1143,109.62,0.9827,1.3339,1.3152
12/17/2019,1.1148,109.48,0.9804,1.312,1.316
12/18/2019,1.1119,109.57,0.9802,1.3085,1.3104
12/19/2019,1.1124,109.24,0.9775,1.3008,1.3119
12/20/2019,1.1075,109.44,0.9824,1.3013,1.316
12/23/2019,1.1092,109.35,0.9815,1.294,1.3148
12/24/2019,1.1082,109.37,0.9805,1.2953,1.3163
12/25/2019,1.1082,109.55,0.9816,1.2964,1.315
12/26/2019,1.1102,109.62,0.9807,1.3012,1.3119
12/27/2019,1.1183,109.45,0.973,1.3096,1.3071
12/30/2019,1.1198,108.83,0.9687,1.3104,1.3058
12/31/2019,1.1223,108.62,0.967,1.3253,1.2972
1/2/2020,1.1165,108.54,0.9725,1.313,1.2985
1/3/2020,1.1165,108.02,0.9719,1.3076,1.2994
1/6/2020,1.119,108.43,0.9686,1.3161,1.2961
1/7/2020,1.1141,108.52,0.9711,1.3119,1.3003
